ft1,dtfk2,dtfk3,dtsk3,dtfk4,ft4,dtfk5,dtfk7,dtfk9,ft10,dtfk11,ft11,ft12,ft13,ft14,gender
31,63,62,78,78,109,94,62,94,78,94,94,31,63,109,1
32,78,62,62,62,32,94,93,94,62,110,78,78,47,94,1
78,94,94,32,78,109,78,62,63,78,94,94,31,140,109,1
16,109,78,62,62,313,391,79,453,62,62,47,234,125,63,1
16,15,93,62,62,16,516,437,15,63,47,63,172,78,32,1
62,79,78,50,62,313,484,250,640,62,62,47,234,32,63,1
594,62,62,78,78,109,219,79,94,62,63,93,16,62,171,1
31,453,62,78,47,62,62,93,94,94,47,109,62,63,46,1
110,62,47,47,78,109,62,62,78,62,63,93,16,266,171,1
47,156,94,78,78,172,266,78,79,63,109,31,31,78,31,1
93,125,78,93,78,15,0,31,63,78,110,47,78,109,78,1
94,187,93,94,78,172,0,78,844,63,109,31,31,47,31,1
78,94,78,63,63,141,281,62,47,78,93,156,93,78,94,1
78,156,63,32,47,47,0,94,47,63,16,78,94,62,141,1
47,141,62,63,63,141,0,78,1062,78,93,156,93,62,94,1
125,109,94,78,78,94,94,78,94,78,78,63,78,125,31,1
16,141,62,94,78,16,47,79,125,78,78,62,46,47,63,1
31,47,63,63,78,94,78,78,94,78,78,63,78,218,31,1
78,125,94,63,63,172,125,16,94,79,141,78,16,16,16,1
188,94,16,47,109,16,156,47,93,78,94,94,62,32,47,1
16,125,31,15,63,172,156,78,0,79,141,78,16,16,16,1
47,141,94,93,93,16,94,31,562,47,16,79,31,78,110,1
94,47,63,16,110,78,532,62,47,63,78,32,47,125,16,1
94,47,16,31,93,16,563,31,703,47,16,79,31,31,110,1
63,125,94,62,62,16,125,78,0,47,94,31,16,63,15,1
16,78,62,110,78,32,0,31,62,63,94,16,109,78,32,1
94,109,62,62,62,16,93,94,1312,47,94,31,16,16,15,1
62,110,109,78,78,63,78,78,94,63,94,78,31,78,16,1
15,109,93,78,109,31,156,109,110,78,75,86,93,47,16,1
16,78,62,94,78,63,94,109,78,63,94,78,31,63,16,1
31,157,63,62,62,62,156,78,125,78,31,141,94,47,32,1
31,187,79,109,250,63,0,63,16,47,15,94,78,32,78,1
16,62,78,79,62,62,0,62,62,78,31,141,94,63,32,1
93,63,47,16,16,63,78,62,94,47,172,15,16,125,15,1
32,141,94,47,110,15,0,110,94,79,78,15,94,63,31,1
62,203,78,63,16,63,125,78,0,47,172,15,16,63,15,1
281,125,94,78,78,156,235,78,78,94,156,47,125,47,16,1
16,156,94,62,78,15,94,16,43,78,203,31,141,32,32,1
47,63,63,94,78,156,0,78,1063,94,156,47,125,32,16,1
187,94,78,63,63,62,94,62,78,94,78,47,156,79,31,1
15,93,78,78,47,47,94,203,16,110,156,63,94,78,16,1
16,78,94,63,63,62,78,32,812,94,78,47,156,31,31,1
31,109,94,93,93,32,110,78,562,47,32,78,782,125,62,1
15,16,93,32,78,15,640,47,16,63,110,15,62,78,62,1
157,46,63,78,93,32,0,703,719,47,32,78,782,109,62,1
16,93,78,63,63,15,78,63,703,79,63,93,0,94,15,1
15,93,204,78,110,15,47,79,94,78,63,94,93,156,31,1
47,78,78,78,63,15,94,141,859,79,63,93,0,32,15,1
16,94,78,94,94,78,125,125,906,156,94,94,78,63,78,1
16,172,110,78,93,16,0,141,93,62,265,78,109,703,813,1
16,93,172,78,94,78,891,94,1078,156,94,94,78,31,78,1
16,78,78,94,94,0,94,78,94,62,94,125,594,47,47,1
16,125,109,62,110,78,94,78,47,78,94,78,78,31,47,1
47,94,79,93,94,0,94,47,62,62,94,125,594,172,47,1
157,109,93,141,141,265,390,15,78,125,203,62,172,94,110,1
129,110,594,15,172,250,0,94,31,172,16,110,282,406,313,1
125,78,219,15,141,265,0,141,1312,125,203,62,172,31,110,1
296,110,141,94,94,78,156,109,78,63,234,63,94,125,203,1
94,172,128,93,94,16,0,94,94,94,156,47,78,93,63,1
93,344,110,94,94,78,125,125,797,63,234,63,94,156,203,1
16,93,94,62,62,391,110,78,109,78,297,31,282,62,32,1
32,172,93,78,94,47,125,16,218,94,172,31,141,94,62,1
141,394,79,94,62,391,0,125,1172,78,297,31,282,141,32,1
32,109,78,63,63,15,109,46,62,47,109,16,47,78,32,1
15,109,79,31,78,63,0,78,94,63,94,47,78,31,47,1
63,109,63,47,63,15,125,62,884,47,109,16,47,46,32,1
15,82,102,118,118,53,91,31,875,47,110,94,343,31,15,1
188,109,16,63,110,15,78,219,110,78,94,125,125,15,15,1
15,110,16,532,118,53,94,156,125,47,110,94,343,16,15,1
31,78,78,94,94,15,63,62,657,15,63,109,16,15,47,1
16,62,156,78,78,79,515,78,109,62,78,79,172,47,16,1
31,63,46,78,94,15,94,110,63,15,63,109,16,78,47,1
62,94,63,109,109,63,78,46,63,79,141,46,32,65,15,1
16,156,62,78,94,31,78,172,63,62,156,47,46,63,47,1
31,63,63,94,109,63,62,32,906,79,141,46,32,47,15,1
62,110,78,78,78,156,141,78,109,63,94,125,16,32,78,1
31,110,32,110,78,16,172,109,109,93,78,110,93,16,31,1
47,78,94,78,78,156,125,94,129,63,94,125,16,62,78,1
32,78,47,63,63,47,62,62,63,62,79,140,15,94,16,1
47,93,78,63,62,32,78,94,141,109,109,94,47,47,47,1
125,94,78,62,63,47,63,78,79,62,79,140,15,62,16,1
141,93,47,78,78,250,328,47,1078,78,140,234,125,125,31,1
109,31,141,157,46,79,0,140,62,78,16,93,78,16,281,1
78,297,125,15,78,250,0,109,0,78,140,234,125,31,31,1
282,93,78,78,78,234,94,63,78,78,63,140,828,297,219,1
297,47,78,63,62,188,93,78,125,94,78,140,62,484,204,1
797,78,47,62,78,234,141,78,110,78,63,140,828,375,219,1
32,93,94,62,62,110,250,125,62,78,125,47,32,78,78,1
16,94,62,78,78,31,125,78,94,93,125,15,93,78,16,1
172,172,0,78,62,110,844,109,1047,78,125,47,32,63,78,1
0,94,93,109,109,32,171,63,126,47,156,47,16,78,31,1
16,47,63,47,94,93,110,94,140,78,78,47,109,16,15,1
31,109,63,78,109,32,94,62,1176,47,156,47,16,62,31,1
15,110,78,93,93,94,78,141,141,109,94,78,16,78,32,1
16,93,94,63,78,31,0,94,94,328,110,93,93,32,31,1
31,63,78,78,93,94,94,109,78,109,94,78,16,16,32,1
172,94,109,109,109,250,78,125,94,78,47,156,265,422,94,1
359,79,78,78,78,219,94,62,156,94,78,109,94,547,125,1
313,94,63,94,109,250,93,94,78,78,47,156,265,203,94,1
94,93,47,63,63,93,156,78,78,56,78,31,15,78,31,1
16,63,63,63,47,16,0,62,15,78,140,0,110,47,31,1
31,47,78,62,63,93,0,94,844,56,78,31,15,172,31,1
16,110,109,47,47,391,438,78,78,31,109,125,16,78,0,1
0,93,78,94,78,141,0,31,46,62,125,31,94,110,31,1
109,203,94,78,47,391,0,110,765,31,109,125,16,62,0,1
31,110,125,93,93,485,594,78,140,78,47,62,16,125,32,1
16,125,78,94,109,47,125,32,109,94,125,62,78,15,47,1
16,188,62,94,93,485,234,125,985,78,47,62,16,125,32,1
63,93,47,31,31,125,63,62,63,47,78,78,172,78,79,1
15,94,78,63,79,46,47,78,109,78,78,94,62,125,63,1
0,78,78,62,31,125,46,62,62,47,78,78,172,62,79,1
547,156,172,79,79,128,225,63,94,62,78,63,15,93,47,1
16,109,109,63,78,47,609,79,62,78,79,78,94,0,62,1
78,15,78,78,79,128,0,94,812,62,78,63,15,78,47,1
15,63,63,93,93,63,140,63,63,94,78,94,78,109,63,1
78,79,94,31,79,62,125,94,94,78,78,125,110,438,31,1
31,63,94,78,93,63,47,125,63,94,78,94,78,47,63,1
47,94,78,40,40,271,380,47,62,62,125,32,15,94,16,1
31,31,78,79,78,32,0,62,94,62,312,63,94,32,31,1
0,141,62,94,40,271,125,62,813,62,125,32,15,31,16,1
94,94,78,78,78,140,79,47,63,47,63,93,125,125,110,1
47,94,63,62,63,94,94,78,125,78,78,110,62,63,47,1
78,94,62,47,78,140,78,63,63,47,63,93,125,78,110,1
31,125,78,109,109,31,172,94,172,93,140,47,46,94,32,1
46,47,109,110,125,15,110,31,15,110,829,31,78,47,31,1
0,78,93,78,109,31,172,94,719,93,140,47,46,0,32,1
78,110,78,63,63,78,62,78,47,62,78,94,0,79,62,1
0,0,47,62,78,61,78,63,31,78,62,110,94,31,47,1
47,93,94,47,63,78,79,94,895,62,78,94,0,47,62,1
16,94,78,93,93,188,78,110,78,63,78,110,125,125,32,1
16,140,109,94,78,0,0,156,78,47,62,94,94,0,235,1
31,78,78,109,93,188,0,156,203,63,78,110,125,31,32,1
16,109,125,47,47,109,203,31,93,62,157,31,31,110,16,1
78,32,31,31,344,94,1469,0,47,78,0,47,156,125,31,1
79,47,31,62,47,109,141,125,859,62,157,31,31,0,16,1
62,110,94,78,78,203,78,78,94,79,94,140,47,391,109,1
63,94,109,78,62,157,62,78,157,63,94,172,94,516,125,1
0,109,407,78,78,203,1109,94,63,79,94,140,47,235,109,1
47,47,140,78,78,79,110,78,469,78,63,47,31,5,109,1
63,31,93,31,15,94,141,16,47,78,16,78,109,94,109,1
15,235,110,16,78,79,438,625,0,78,63,47,31,110,109,1
16,125,109,187,187,109,157,110,125,109,94,203,157,93,15,1
110,156,94,109,78,141,172,125,125,110,16,141,172,140,63,1
110,312,93,125,187,109,94,141,750,109,94,203,157,110,15,1
93,125,94,94,94,125,125,109,94,62,125,94,110,47,62,1
78,125,94,94,94,47,109,110,94,93,156,47,94,31,94,1
16,156,93,109,94,125,125,125,125,62,125,94,110,78,62,1
63,109,63,78,78,125,94,78,78,63,78,110,46,94,62,1
32,78,62,78,94,31,94,110,63,109,94,93,63,16,109,1
78,109,63,94,78,125,110,93,93,63,78,110,46,31,62,1
47,110,171,94,94,47,156,94,110,141,250,31,16,109,0,1
16,0,110,172,125,0,110,62,0,110,125,93,93,140,0,1
0,312,109,78,94,47,125,141,860,141,250,31,16,0,0,1
15,78,78,78,78,16,141,78,109,47,62,140,78,110,62,1
15,32,125,78,78,78,0,78,47,109,78,93,109,15,31,1
31,79,78,94,78,16,187,140,937,47,62,140,78,141,62,1
47,94,109,297,297,16,203,125,94,62,94,78,94,109,31,1
16,219,94,78,93,32,156,109,16,93,109,63,78,78,15,1
110,63,94,125,297,16,0,47,110,62,94,78,94,15,31,1
78,125,109,110,110,109,203,125,94,78,109,63,110,94,47,1
15,141,109,78,125,47,0,46,141,62,78,110,94,78,31,1
375,94,110,93,110,109,0,141,1020,78,109,63,110,484,47,1
47,78,141,109,109,31,78,15,687,16,47,125,47,78,78,1
156,15,47,47,31,156,531,47,0,94,94,0,109,78,62,1
156,62,31,47,109,31,671,78,797,16,47,125,47,79,78,1
15,109,141,110,110,31,125,63,610,47,47,141,16,109,93,1
31,62,94,125,16,110,0,0,125,93,0,93,78,94,63,1
62,15,203,16,110,31,657,250,656,47,47,141,16,63,93,1
62,62,63,63,63,172,78,78,109,60,47,125,94,94,79,1
47,47,63,62,79,62,78,94,115,78,78,109,176,78,141,1
62,62,62,94,63,172,62,78,62,60,47,125,94,141,79,1
78,110,109,109,109,79,109,47,0,62,140,16,203,78,16,2
47,94,93,63,125,63,0,94,62,78,109,16,63,265,16,2
16,328,78,62,109,79,0,125,813,62,140,16,203,219,16,2
16,78,62,94,94,156,250,109,93,63,94,62,47,63,47,2
31,219,63,47,47,47,0,47,172,62,79,78,62,78,31,2
63,218,94,125,94,156,62,63,953,63,94,62,47,110,47,2
47,172,78,94,94,141,250,62,0,62,32,141,78,78,31,2
15,110,94,94,78,172,0,47,141,63,31,94,63,78,31,2
93,110,62,78,94,141,906,94,735,62,32,141,78,15,31,2
16,109,62,78,78,31,109,62,0,188,218,47,47,78,46,2
359,63,63,32,62,16,0,31,79,63,94,15,156,78,47,2
78,110,78,79,78,31,0,125,703,188,218,47,47,15,46,2
437,94,78,94,94,31,140,93,94,63,62,94,94,78,78,2
15,125,94,94,94,62,0,31,94,78,94,109,78,78,63,2
110,219,94,78,94,31,109,109,937,63,62,94,94,94,78,2
4369,113,69,90,90,63,80,89,78,78,69,111,78,37,69,2
4,68,98,65,78,31,70,89,172,68,78,94,62,13,63,2
6,39,79,104,90,63,73,11,74,78,69,111,78,15,69,2
156,125,94,109,109,63,172,79,78,250,156,63,47,63,78,2
15,78,78,63,156,16,0,109,141,78,110,47,94,94,172,2
78,110,78,78,109,63,0,93,828,250,156,63,47,266,78,2
32,125,63,93,93,32,187,63,562,94,94,78,15,88,16,2
32,47,94,93,62,16,110,47,94,47,94,31,172,32,46,2
78,125,78,93,93,32,109,63,719,94,94,78,15,15,16,2
141,78,63,78,78,219,62,63,78,63,79,125,203,188,47,2
78,62,47,46,62,63,63,79,125,828,93,110,62,172,62,2
109,47,47,62,78,219,47,94,79,63,79,125,203,125,47,2
125,109,78,125,125,63,109,94,109,78,78,93,47,78,31,2
16,156,78,78,94,31,78,16,63,78,109,110,94,78,31,2
0,94,94,94,125,63,93,94,843,78,78,93,47,31,31,2
47,125,110,94,94,31,79,78,172,62,125,62,15,78,16,2
16,125,62,47,78,32,98,62,62,78,79,93,78,32,32,2
31,31,46,62,94,31,94,78,609,62,125,62,15,32,16,2
31,78,79,79,79,15,140,109,94,63,94,94,0,78,16,2
0,16,62,78,78,32,0,31,31,78,78,94,78,15,16,2
16,78,62,78,79,15,0,62,781,63,94,94,0,15,16,2
343,63,46,47,47,62,78,62,62,62,63,109,234,78,31,2
0,125,47,47,93,47,125,110,156,125,62,125,63,78,47,2
47,63,62,47,47,62,79,62,922,62,63,109,234,47,31,2
31,141,109,94,94,62,172,94,94,47,141,62,109,93,47,2
32,172,94,78,93,32,94,16,78,94,109,31,78,78,62,2
109,250,63,94,94,62,78,79,828,47,141,62,109,46,47,2
78,78,62,62,62,63,78,63,62,62,78,93,78,31,47,2
62,47,62,62,63,78,63,78,94,78,78,94,93,47,62,2
78,47,62,78,62,63,47,62,62,62,78,93,78,31,47,2
47,63,31,78,78,47,125,93,594,78,47,63,110,47,0,2
16,31,78,110,16,93,484,609,110,63,31,62,109,94,94,2
156,32,78,110,78,47,0,31,0,78,47,63,110,93,0,2
32,109,78,62,62,157,78,79,125,62,79,78,63,15,31,2
16,78,78,63,93,0,109,125,15,78,78,110,78,47,94,2
78,93,93,78,62,157,47,140,0,62,79,78,63,156,31,2
109,62,63,63,63,94,78,63,93,63,78,94,188,78,78,2
47,78,78,63,62,63,63,62,110,78,63,109,62,78,62,2
62,78,47,63,63,94,63,63,110,63,78,94,188,47,78,2
47,157,125,156,156,0,78,63,0,94,31,109,93,94,31,2
15,110,125,78,15,78,141,62,110,62,15,125,63,94,0,2
47,16,78,94,156,0,0,125,984,94,31,109,93,31,31,2
79,109,94,78,78,62,109,94,94,78,141,0,93,78,32,2
125,0,94,63,47,78,110,78,120,94,63,172,125,78,93,2
31,97,31,156,78,62,0,78,735,78,141,0,93,94,32,2
